{"mean":{"confidence_interval":{"confidence_level":0.95,"lower_bound":-0.02537698430393362,"upper_bound":0.015895418803171153},"point_estimate":-0.005693582502718564,"standard_error":0.010341022979690449},"median":{"confidence_interval":{"confidence_level":0.95,"lower_bound":-0.02809620141088376,"upper_bound":0.001981609774803994},"point_estimate":-0.012517463768643156,"standard_error":0.00795057255651338}}