{"mean":{"confidence_interval":{"confidence_level":0.95,"lower_bound":-0.7704253952032554,"upper_bound":-0.7636841153328024},"point_estimate":-0.7666487566217063,"standard_error":0.0017436441758531184},"median":{"confidence_interval":{"confidence_level":0.95,"lower_bound":-0.7689046298285552,"upper_bound":-0.7644842593375554},"point_estimate":-0.7670455426525166,"standard_error":0.0011014896425931254}}