{"mean":{"confidence_interval":{"confidence_level":0.95,"lower_bound":-0.0034704712801451928,"upper_bound":0.0068158949262674545},"point_estimate":0.0018116045371789902,"standard_error":0.0026294142094806794},"median":{"confidence_interval":{"confidence_level":0.95,"lower_bound":-0.0016990553788593932,"upper_bound":0.008615427917344487},"point_estimate":0.004865429785642972,"standard_error":0.0026287429554549663}}