{"mean":{"confidence_interval":{"confidence_level":0.95,"lower_bound":-0.009692152295222155,"upper_bound":-0.0037193919430195976},"point_estimate":-0.00660380555731277,"standard_error":0.001507965271390561},"median":{"confidence_interval":{"confidence_level":0.95,"lower_bound":-0.009745479240243382,"upper_bound":-0.0031763565882533262},"point_estimate":-0.0059200379375737855,"standard_error":0.0015932098354916636}}