{"mean":{"confidence_interval":{"confidence_level":0.95,"lower_bound":-0.008429794424408997,"upper_bound":0.033408398488475655},"point_estimate":0.010865925902763252,"standard_error":0.010471872477057073},"median":{"confidence_interval":{"confidence_level":0.95,"lower_bound":-0.012681027683164814,"upper_bound":0.012264239887807227},"point_estimate":0.0015317585129681621,"standard_error":0.006815948509901838}}