{"mean":{"confidence_interval":{"confidence_level":0.95,"lower_bound":-0.014462986865723145,"upper_bound":-0.004403201596233641},"point_estimate":-0.00870201901385903,"standard_error":0.002623992079927255},"median":{"confidence_interval":{"confidence_level":0.95,"lower_bound":-0.009017502965811386,"upper_bound":-0.004471255377506145},"point_estimate":-0.0063595749821179215,"standard_error":0.0011980352007042875}}