{"mean":{"confidence_interval":{"confidence_level":0.95,"lower_bound":-0.7797311954066206,"upper_bound":-0.771414517410176},"point_estimate":-0.7749759031971635,"standard_error":0.002159308794906606},"median":{"confidence_interval":{"confidence_level":0.95,"lower_bound":-0.7735677593393568,"upper_bound":-0.7676830408505335},"point_estimate":-0.7710714701422163,"standard_error":0.0015929994005808243}}