{"mean":{"confidence_interval":{"confidence_level":0.95,"lower_bound":0.03721337696863836,"upper_bound":0.054741294977690376},"point_estimate":0.04528924387647759,"standard_error":0.004551633045190685},"median":{"confidence_interval":{"confidence_level":0.95,"lower_bound":0.023071832734800735,"upper_bound":0.03034225842699456},"point_estimate":0.026409153042059375,"standard_error":0.001932815735550372}}