{"mean":{"confidence_interval":{"confidence_level":0.95,"lower_bound":278.99379106037895,"upper_bound":286.9218102470875},"point_estimate":282.3331941022876,"standard_error":2.0602115268661185},"median":{"confidence_interval":{"confidence_level":0.95,"lower_bound":278.61216836729864,"upper_bound":283.5060075747682},"point_estimate":281.04508361553127,"standard_error":1.2285040983089228},"median_abs_dev":{"confidence_interval":{"confidence_level":0.95,"lower_bound":4.840638770880941,"upper_bound":8.108316726782073},"point_estimate":5.541241702539535,"standard_error":0.9312312216435339},"slope":{"confidence_interval":{"confidence_level":0.95,"lower_bound":276.78963105333764,"upper_bound":285.37080607909803},"point_estimate":280.59953071804154,"standard_error":2.203617873814531},"std_dev":{"confidence_interval":{"confidence_level":0.95,"lower_bound":7.6414980811450235,"upper_bound":32.84736086903987},"point_estimate":20.759267150638486,"standard_error":7.517081847017774}}