{"mean":{"confidence_interval":{"confidence_level":0.95,"lower_bound":489.9255707090171,"upper_bound":491.58031121252264},"point_estimate":490.73072599962865,"standard_error":0.42156072217992685},"median":{"confidence_interval":{"confidence_level":0.95,"lower_bound":489.42726845952654,"upper_bound":491.3190136476427},"point_estimate":490.65128806677194,"standard_error":0.5151774626161625},"median_abs_dev":{"confidence_interval":{"confidence_level":0.95,"lower_bound":2.463241967743898,"upper_bound":4.8007421717039405},"point_estimate":3.786209610200709,"standard_error":0.614486503774047},"slope":{"confidence_interval":{"confidence_level":0.95,"lower_bound":487.93964815225394,"upper_bound":489.3079520380236},"point_estimate":488.5794817720356,"standard_error":0.349226321817401},"std_dev":{"confidence_interval":{"confidence_level":0.95,"lower_bound":3.338941304494248,"upper_bound":5.158582907619393},"point_estimate":4.23378133011728,"standard_error":0.47039558391371894}}