{"mean":{"confidence_interval":{"confidence_level":0.95,"lower_bound":338.02053589537843,"upper_bound":359.9555658770477},"point_estimate":348.0957027364636,"standard_error":5.645409786020965},"median":{"confidence_interval":{"confidence_level":0.95,"lower_bound":325.6572279474331,"upper_bound":334.5664140899912},"point_estimate":328.68487422160763,"standard_error":2.6257633203843604},"median_abs_dev":{"confidence_interval":{"confidence_level":0.95,"lower_bound":5.589619204952535,"upper_bound":15.216814835677962},"point_estimate":9.619220705101947,"standard_error":2.526730872049797},"slope":{"confidence_interval":{"confidence_level":0.95,"lower_bound":334.8485511419332,"upper_bound":355.4766459890791},"point_estimate":343.8924637481874,"standard_error":5.285750016675788},"std_dev":{"confidence_interval":{"confidence_level":0.95,"lower_bound":33.076864176641884,"upper_bound":75.64681128667449},"point_estimate":56.553309637404624,"standard_error":10.867156356752597}}