{"mean":{"confidence_interval":{"confidence_level":0.95,"lower_bound":0.026516038603725013,"upper_bound":0.04908640242405658},"point_estimate":0.037053841396832654,"standard_error":0.005832633912314732},"median":{"confidence_interval":{"confidence_level":0.95,"lower_bound":0.025933939901097602,"upper_bound":0.0432699774522127},"point_estimate":0.036138839431361536,"standard_error":0.004401046310195359}}