{"mean":{"confidence_interval":{"confidence_level":0.95,"lower_bound":-0.07562755900298941,"upper_bound":-0.0007541852808790408},"point_estimate":-0.03618266240141155,"standard_error":0.019124134146928852},"median":{"confidence_interval":{"confidence_level":0.95,"lower_bound":0.0030191322645780616,"upper_bound":0.023560961061188674},"point_estimate":0.010936917298061566,"standard_error":0.005381926109085182}}