{"mean":{"confidence_interval":{"confidence_level":0.95,"lower_bound":-0.0031610594962309967,"upper_bound":0.0034340324098606715},"point_estimate":0.00007457018364376289,"standard_error":0.0016910180006848884},"median":{"confidence_interval":{"confidence_level":0.95,"lower_bound":-0.0032568074994456797,"upper_bound":0.0013743813060080878},"point_estimate":-0.0010161262109549263,"standard_error":0.0010699094315474932}}