{"mean":{"confidence_interval":{"confidence_level":0.95,"lower_bound":-0.7517636797167193,"upper_bound":-0.7477493760913954},"point_estimate":-0.7498185243488982,"standard_error":0.001024344219978757},"median":{"confidence_interval":{"confidence_level":0.95,"lower_bound":-0.7551536941157685,"upper_bound":-0.7503765840506383},"point_estimate":-0.752671770082922,"standard_error":0.0012440078700684544}}