{"mean":{"confidence_interval":{"confidence_level":0.95,"lower_bound":291.87369292019486,"upper_bound":292.71084542906794},"point_estimate":292.2768944345169,"standard_error":0.21410741211955286},"median":{"confidence_interval":{"confidence_level":0.95,"lower_bound":291.36272372903073,"upper_bound":292.0685360007331},"point_estimate":291.68020298975944,"standard_error":0.1981167035512515},"median_abs_dev":{"confidence_interval":{"confidence_level":0.95,"lower_bound":0.8422250659678081,"upper_bound":1.450222415828878},"point_estimate":1.0722509913740113,"standard_error":0.1563998516123114},"slope":{"confidence_interval":{"confidence_level":0.95,"lower_bound":291.615572261859,"upper_bound":292.384015224414},"point_estimate":291.97080691669703,"standard_error":0.19720863370005198},"std_dev":{"confidence_interval":{"confidence_level":0.95,"lower_bound":1.6291006879318692,"upper_bound":2.57185791364724},"point_estimate":2.14235752495729,"standard_error":0.24139001665771884}}