{"mean":{"confidence_interval":{"confidence_level":0.95,"lower_bound":-0.003888916907029083,"upper_bound":0.005253166653190999},"point_estimate":0.00043804512146361496,"standard_error":0.0023343362853128547},"median":{"confidence_interval":{"confidence_level":0.95,"lower_bound":-0.0045343370778789804,"upper_bound":-0.0011131654489690834},"point_estimate":-0.002548017534406921,"standard_error":0.0008648849838715876}}