{"mean":{"confidence_interval":{"confidence_level":0.95,"lower_bound":-0.7634812662921198,"upper_bound":-0.7540895598451772},"point_estimate":-0.7584935848018565,"standard_error":0.00239877476972464},"median":{"confidence_interval":{"confidence_level":0.95,"lower_bound":-0.7576761483043292,"upper_bound":-0.7509865454636753},"point_estimate":-0.7534468890568847,"standard_error":0.0016408109122961025}}