{"mean":{"confidence_interval":{"confidence_level":0.95,"lower_bound":0.07461492739234352,"upper_bound":0.11909956144576885},"point_estimate":0.09455150644224397,"standard_error":0.01104057963906512},"median":{"confidence_interval":{"confidence_level":0.95,"lower_bound":0.06796185249075684,"upper_bound":0.09709231279288666},"point_estimate":0.07981224389782526,"standard_error":0.007253539175788854}}