{"mean":{"confidence_interval":{"confidence_level":0.95,"lower_bound":-0.0012735093854295881,"upper_bound":0.004366806798782907},"point_estimate":0.0014329994332054063,"standard_error":0.001434445679125716},"median":{"confidence_interval":{"confidence_level":0.95,"lower_bound":0.00021595996074741386,"upper_bound":0.0034303864798873483},"point_estimate":0.001921745311008527,"standard_error":0.0008354974451807654}}