{"mean":{"confidence_interval":{"confidence_level":0.95,"lower_bound":-0.00691918922170267,"upper_bound":-0.00026126616927508745},"point_estimate":-0.003453289993249564,"standard_error":0.001709230974302748},"median":{"confidence_interval":{"confidence_level":0.95,"lower_bound":-0.000743720065903064,"upper_bound":0.00501326016327619},"point_estimate":0.00256783394250526,"standard_error":0.0014155817607016178}}