{"mean":{"confidence_interval":{"confidence_level":0.95,"lower_bound":-0.7712072403513834,"upper_bound":-0.7629069139873251},"point_estimate":-0.7667380005690678,"standard_error":0.0021292750228237758},"median":{"confidence_interval":{"confidence_level":0.95,"lower_bound":-0.7712780831748124,"upper_bound":-0.7623687096690407},"point_estimate":-0.76686812577096,"standard_error":0.0021991731541230915}}