{"mean":{"confidence_interval":{"confidence_level":0.95,"lower_bound":-0.01297448654492455,"upper_bound":0.023921569365086895},"point_estimate":0.0059686529248295095,"standard_error":0.009329345726916379},"median":{"confidence_interval":{"confidence_level":0.95,"lower_bound":0.0013534309190449466,"upper_bound":0.017417991436445623},"point_estimate":0.007905502106362539,"standard_error":0.004088095355857562}}