{"mean":{"confidence_interval":{"confidence_level":0.95,"lower_bound":-0.020031410407422352,"upper_bound":-0.012061099477839123},"point_estimate":-0.016075786976180173,"standard_error":0.002031490819310275},"median":{"confidence_interval":{"confidence_level":0.95,"lower_bound":-0.02236417717616468,"upper_bound":-0.01094569070242444},"point_estimate":-0.015979699468972597,"standard_error":0.0030774860901429187}}