{"mean":{"confidence_interval":{"confidence_level":0.95,"lower_bound":-0.012467542242167708,"upper_bound":0.00517134307810464},"point_estimate":-0.003408893789387135,"standard_error":0.004493120084933935},"median":{"confidence_interval":{"confidence_level":0.95,"lower_bound":-0.0041175118875894645,"upper_bound":0.018660497227328987},"point_estimate":0.007802931140022951,"standard_error":0.006656984449098649}}