{"mean":{"confidence_interval":{"confidence_level":0.95,"lower_bound":-0.7700732369952696,"upper_bound":-0.7630431563550125},"point_estimate":-0.7662169517764018,"standard_error":0.0017980665598136107},"median":{"confidence_interval":{"confidence_level":0.95,"lower_bound":-0.7703162505479485,"upper_bound":-0.7669017180247144},"point_estimate":-0.7682746740833284,"standard_error":0.000852673251585563}}